,Time,Lat,Long,precipcal
0,2021-01-01 00:00:00,35.65,127.15,0.0
1,2021-01-01 00:30:00,35.65,127.15,0.0
2,2021-01-01 01:00:00,35.65,127.15,0.0
3,2021-01-01 01:30:00,35.65,127.15,0.0
4,2021-01-01 02:00:00,35.65,127.15,0.0
5,2021-01-01 02:30:00,35.65,127.15,0.0
6,2021-01-01 03:00:00,35.65,127.15,0.0
7,2021-01-01 03:30:00,35.65,127.15,0.0
8,2021-01-01 04:00:00,35.65,127.15,0.0
9,2021-01-01 04:30:00,35.65,127.15,0.0
10,2021-01-01 05:00:00,35.65,127.15,0.0
11,2021-01-01 05:30:00,35.65,127.15,0.0
12,2021-01-01 06:00:00,35.65,127.15,0.0
13,2021-01-01 06:30:00,35.65,127.15,0.0
14,2021-01-01 07:00:00,35.65,127.15,0.0
15,2021-01-01 07:30:00,35.65,127.15,0.0
16,2021-01-01 08:00:00,35.65,127.15,0.0
17,2021-01-01 08:30:00,35.65,127.15,0.0
18,2021-01-01 09:00:00,35.65,127.15,0.0
19,2021-01-01 09:30:00,35.65,127.15,0.0
20,2021-01-01 10:00:00,35.65,127.15,0.0
21,2021-01-01 10:30:00,35.65,127.15,0.0
22,2021-01-01 11:00:00,35.65,127.15,0.0
23,2021-01-01 11:30:00,35.65,127.15,0.0
24,2021-01-01 12:00:00,35.65,127.15,0.0
25,2021-01-01 12:30:00,35.65,127.15,0.0
26,2021-01-01 13:00:00,35.65,127.15,0.0
27,2021-01-01 13:30:00,35.65,127.15,0.0
28,2021-01-01 14:00:00,35.65,127.15,0.0
29,2021-01-01 14:30:00,35.65,127.15,0.0
30,2021-01-01 15:00:00,35.65,127.15,0.0
31,2021-01-01 15:30:00,35.65,127.15,0.0
32,2021-01-01 16:00:00,35.65,127.15,0.0
33,2021-01-01 16:30:00,35.65,127.15,0.0
34,2021-01-01 17:00:00,35.65,127.15,0.0
35,2021-01-01 17:30:00,35.65,127.15,0.0
36,2021-01-01 18:00:00,35.65,127.15,0.0
37,2021-01-01 18:30:00,35.65,127.15,0.0
38,2021-01-01 19:00:00,35.65,127.15,0.0
39,2021-01-01 19:30:00,35.65,127.15,0.0
40,2021-01-01 20:00:00,35.65,127.15,0.0
41,2021-01-01 20:30:00,35.65,127.15,0.0
42,2021-01-01 21:00:00,35.65,127.15,0.0
43,2021-01-01 21:30:00,35.65,127.15,0.0
44,2021-01-01 22:00:00,35.65,127.15,0.0
45,2021-01-01 22:30:00,35.65,127.15,0.0
46,2021-01-01 23:00:00,35.65,127.15,0.0
47,2021-01-01 23:30:00,35.65,127.15,0.0
48,2021-01-02 00:00:00,35.65,127.15,0.0
49,2021-01-02 00:30:00,35.65,127.15,0.0
50,2021-01-02 01:00:00,35.65,127.15,0.0
51,2021-01-02 01:30:00,35.65,127.15,0.0
52,2021-01-02 02:00:00,35.65,127.15,0.0
53,2021-01-02 02:30:00,35.65,127.15,0.0
54,2021-01-02 03:00:00,35.65,127.15,0.0
55,2021-01-02 03:30:00,35.65,127.15,0.0
56,2021-01-02 04:00:00,35.65,127.15,0.0
57,2021-01-02 04:30:00,35.65,127.15,0.0
58,2021-01-02 05:00:00,35.65,127.15,0.0
59,2021-01-02 05:30:00,35.65,127.15,0.0
60,2021-01-02 06:00:00,35.65,127.15,0.0
61,2021-01-02 06:30:00,35.65,127.15,0.0
62,2021-01-02 07:00:00,35.65,127.15,0.0
63,2021-01-02 07:30:00,35.65,127.15,0.0
64,2021-01-02 08:00:00,35.65,127.15,0.0
65,2021-01-02 08:30:00,35.65,127.15,0.0
66,2021-01-02 09:00:00,35.65,127.15,0.0
67,2021-01-02 09:30:00,35.65,127.15,0.0
68,2021-01-02 10:00:00,35.65,127.15,0.0
69,2021-01-02 10:30:00,35.65,127.15,0.0
70,2021-01-02 11:00:00,35.65,127.15,0.0
71,2021-01-02 11:30:00,35.65,127.15,0.0
72,2021-01-02 12:00:00,35.65,127.15,0.0
73,2021-01-02 12:30:00,35.65,127.15,0.0
74,2021-01-02 13:00:00,35.65,127.15,0.0
75,2021-01-02 13:30:00,35.65,127.15,0.0
76,2021-01-02 14:00:00,35.65,127.15,0.0
77,2021-01-02 14:30:00,35.65,127.15,0.0
78,2021-01-02 15:00:00,35.65,127.15,0.0
79,2021-01-02 15:30:00,35.65,127.15,0.0
80,2021-01-02 16:00:00,35.65,127.15,0.0
81,2021-01-02 16:30:00,35.65,127.15,0.0
82,2021-01-02 17:00:00,35.65,127.15,0.0
83,2021-01-02 17:30:00,35.65,127.15,0.0
84,2021-01-02 18:00:00,35.65,127.15,0.0
85,2021-01-02 18:30:00,35.65,127.15,0.0
86,2021-01-02 19:00:00,35.65,127.15,0.0
87,2021-01-02 19:30:00,35.65,127.15,0.0
88,2021-01-02 20:00:00,35.65,127.15,0.0
89,2021-01-02 20:30:00,35.65,127.15,0.0
90,2021-01-02 21:00:00,35.65,127.15,0.0
91,2021-01-02 21:30:00,35.65,127.15,0.0212
92,2021-01-02 22:00:00,35.65,127.15,0.0
93,2021-01-02 22:30:00,35.65,127.15,0.0
94,2021-01-02 23:00:00,35.65,127.15,0.0
95,2021-01-02 23:30:00,35.65,127.15,0.0
96,2021-01-03 00:00:00,35.65,127.15,0.0
97,2021-01-03 00:30:00,35.65,127.15,0.0
98,2021-01-03 01:00:00,35.65,127.15,0.0
99,2021-01-03 01:30:00,35.65,127.15,0.0
100,2021-01-03 02:00:00,35.65,127.15,0.0
101,2021-01-03 02:30:00,35.65,127.15,0.0
102,2021-01-03 03:00:00,35.65,127.15,0.0
103,2021-01-03 03:30:00,35.65,127.15,0.0
104,2021-01-03 04:00:00,35.65,127.15,0.0
105,2021-01-03 04:30:00,35.65,127.15,0.0
106,2021-01-03 05:00:00,35.65,127.15,0.0
107,2021-01-03 05:30:00,35.65,127.15,0.0
108,2021-01-03 06:00:00,35.65,127.15,0.0
109,2021-01-03 06:30:00,35.65,127.15,0.0
110,2021-01-03 07:00:00,35.65,127.15,0.0032
111,2021-01-03 07:30:00,35.65,127.15,0.023999998
112,2021-01-03 08:00:00,35.65,127.15,0.5528
113,2021-01-03 08:30:00,35.65,127.15,0.0004
114,2021-01-03 09:00:00,35.65,127.15,0.031600002
115,2021-01-03 09:30:00,35.65,127.15,0.016799998
116,2021-01-03 10:00:00,35.65,127.15,0.0
117,2021-01-03 10:30:00,35.65,127.15,0.0
118,2021-01-03 11:00:00,35.65,127.15,0.0
119,2021-01-03 11:30:00,35.65,127.15,0.0
120,2021-01-03 12:00:00,35.65,127.15,0.0
121,2021-01-03 12:30:00,35.65,127.15,0.0
122,2021-01-03 13:00:00,35.65,127.15,0.0
123,2021-01-03 13:30:00,35.65,127.15,0.0
124,2021-01-03 14:00:00,35.65,127.15,0.0
125,2021-01-03 14:30:00,35.65,127.15,0.0
126,2021-01-03 15:00:00,35.65,127.15,0.0
127,2021-01-03 15:30:00,35.65,127.15,0.0
128,2021-01-03 16:00:00,35.65,127.15,0.0
129,2021-01-03 16:30:00,35.65,127.15,0.0
130,2021-01-03 17:00:00,35.65,127.15,0.0
131,2021-01-03 17:30:00,35.65,127.15,0.0
132,2021-01-03 18:00:00,35.65,127.15,0.0
133,2021-01-03 18:30:00,35.65,127.15,0.0
134,2021-01-03 19:00:00,35.65,127.15,0.0
135,2021-01-03 19:30:00,35.65,127.15,0.0
136,2021-01-03 20:00:00,35.65,127.15,0.0
137,2021-01-03 20:30:00,35.65,127.15,0.0
138,2021-01-03 21:00:00,35.65,127.15,0.0
139,2021-01-03 21:30:00,35.65,127.15,0.0
140,2021-01-03 22:00:00,35.65,127.15,0.0
141,2021-01-03 22:30:00,35.65,127.15,0.0
142,2021-01-03 23:00:00,35.65,127.15,0.0
143,2021-01-03 23:30:00,35.65,127.15,0.0
144,2021-01-04 00:00:00,35.65,127.15,0.0
145,2021-01-04 00:30:00,35.65,127.15,0.0
146,2021-01-04 01:00:00,35.65,127.15,0.0
147,2021-01-04 01:30:00,35.65,127.15,0.0
148,2021-01-04 02:00:00,35.65,127.15,0.0
149,2021-01-04 02:30:00,35.65,127.15,0.0
150,2021-01-04 03:00:00,35.65,127.15,0.0
151,2021-01-04 03:30:00,35.65,127.15,0.0
152,2021-01-04 04:00:00,35.65,127.15,0.0
153,2021-01-04 04:30:00,35.65,127.15,0.0
154,2021-01-04 05:00:00,35.65,127.15,0.0
155,2021-01-04 05:30:00,35.65,127.15,0.0
156,2021-01-04 06:00:00,35.65,127.15,0.0
157,2021-01-04 06:30:00,35.65,127.15,0.0
158,2021-01-04 07:00:00,35.65,127.15,0.0
159,2021-01-04 07:30:00,35.65,127.15,0.0
160,2021-01-04 08:00:00,35.65,127.15,0.0
161,2021-01-04 08:30:00,35.65,127.15,0.0
162,2021-01-04 09:00:00,35.65,127.15,0.0
163,2021-01-04 09:30:00,35.65,127.15,0.0
164,2021-01-04 10:00:00,35.65,127.15,0.0
165,2021-01-04 10:30:00,35.65,127.15,0.0
166,2021-01-04 11:00:00,35.65,127.15,0.0044
167,2021-01-04 11:30:00,35.65,127.15,0.0
168,2021-01-04 12:00:00,35.65,127.15,0.0
169,2021-01-04 12:30:00,35.65,127.15,0.0
170,2021-01-04 13:00:00,35.65,127.15,0.0
171,2021-01-04 13:30:00,35.65,127.15,0.0
172,2021-01-04 14:00:00,35.65,127.15,0.009645305
173,2021-01-04 14:30:00,35.65,127.15,0.0
174,2021-01-04 15:00:00,35.65,127.15,0.0014504198
175,2021-01-04 15:30:00,35.65,127.15,0.018992946
176,2021-01-04 16:00:00,35.65,127.15,0.024510385
177,2021-01-04 16:30:00,35.65,127.15,0.0
178,2021-01-04 17:00:00,35.65,127.15,0.0
179,2021-01-04 17:30:00,35.65,127.15,0.0
180,2021-01-04 18:00:00,35.65,127.15,0.0
181,2021-01-04 18:30:00,35.65,127.15,0.0
182,2021-01-04 19:00:00,35.65,127.15,0.0
183,2021-01-04 19:30:00,35.65,127.15,0.0
184,2021-01-04 20:00:00,35.65,127.15,0.0
185,2021-01-04 20:30:00,35.65,127.15,0.0
186,2021-01-04 21:00:00,35.65,127.15,0.0
187,2021-01-04 21:30:00,35.65,127.15,0.06281132
188,2021-01-04 22:00:00,35.65,127.15,0.0062185097
189,2021-01-04 22:30:00,35.65,127.15,0.0
190,2021-01-04 23:00:00,35.65,127.15,0.0
191,2021-01-04 23:30:00,35.65,127.15,0.0
192,2021-01-05 00:00:00,35.65,127.15,6.79919e-05
193,2021-01-05 00:30:00,35.65,127.15,0.0
194,2021-01-05 01:00:00,35.65,127.15,0.0
195,2021-01-05 01:30:00,35.65,127.15,0.0
196,2021-01-05 02:00:00,35.65,127.15,0.0
197,2021-01-05 02:30:00,35.65,127.15,0.0
198,2021-01-05 03:00:00,35.65,127.15,0.0
199,2021-01-05 03:30:00,35.65,127.15,0.0
200,2021-01-05 04:00:00,35.65,127.15,0.041843656
201,2021-01-05 04:30:00,35.65,127.15,0.0
202,2021-01-05 05:00:00,35.65,127.15,0.0
203,2021-01-05 05:30:00,35.65,127.15,0.0
204,2021-01-05 06:00:00,35.65,127.15,0.0
205,2021-01-05 06:30:00,35.65,127.15,0.0
206,2021-01-05 07:00:00,35.65,127.15,0.0
207,2021-01-05 07:30:00,35.65,127.15,0.0
208,2021-01-05 08:00:00,35.65,127.15,0.0
209,2021-01-05 08:30:00,35.65,127.15,0.0
210,2021-01-05 09:00:00,35.65,127.15,0.0
211,2021-01-05 09:30:00,35.65,127.15,0.0
212,2021-01-05 10:00:00,35.65,127.15,0.0
213,2021-01-05 10:30:00,35.65,127.15,0.0
214,2021-01-05 11:00:00,35.65,127.15,0.0
215,2021-01-05 11:30:00,35.65,127.15,0.0
216,2021-01-05 12:00:00,35.65,127.15,0.0
217,2021-01-05 12:30:00,35.65,127.15,0.0
218,2021-01-05 13:00:00,35.65,127.15,0.0
219,2021-01-05 13:30:00,35.65,127.15,0.0
220,2021-01-05 14:00:00,35.65,127.15,0.0
221,2021-01-05 14:30:00,35.65,127.15,0.0
222,2021-01-05 15:00:00,35.65,127.15,0.0
223,2021-01-05 15:30:00,35.65,127.15,0.0
224,2021-01-05 16:00:00,35.65,127.15,0.0
225,2021-01-05 16:30:00,35.65,127.15,0.0
226,2021-01-05 17:00:00,35.65,127.15,0.0
227,2021-01-05 17:30:00,35.65,127.15,0.0
228,2021-01-05 18:00:00,35.65,127.15,0.0
229,2021-01-05 18:30:00,35.65,127.15,0.0
230,2021-01-05 19:00:00,35.65,127.15,0.0
231,2021-01-05 19:30:00,35.65,127.15,0.0
232,2021-01-05 20:00:00,35.65,127.15,0.0
233,2021-01-05 20:30:00,35.65,127.15,0.0
234,2021-01-05 21:00:00,35.65,127.15,0.0
235,2021-01-05 21:30:00,35.65,127.15,0.0
236,2021-01-05 22:00:00,35.65,127.15,0.0
237,2021-01-05 22:30:00,35.65,127.15,0.0
238,2021-01-05 23:00:00,35.65,127.15,0.0
239,2021-01-05 23:30:00,35.65,127.15,0.0
240,2021-01-06 00:00:00,35.65,127.15,0.0
241,2021-01-06 00:30:00,35.65,127.15,0.0
242,2021-01-06 01:00:00,35.65,127.15,0.0
243,2021-01-06 01:30:00,35.65,127.15,0.0
244,2021-01-06 02:00:00,35.65,127.15,0.0
245,2021-01-06 02:30:00,35.65,127.15,0.0
246,2021-01-06 03:00:00,35.65,127.15,0.0
247,2021-01-06 03:30:00,35.65,127.15,0.0
248,2021-01-06 04:00:00,35.65,127.15,0.0
249,2021-01-06 04:30:00,35.65,127.15,0.0
250,2021-01-06 05:00:00,35.65,127.15,0.0
251,2021-01-06 05:30:00,35.65,127.15,0.0
252,2021-01-06 06:00:00,35.65,127.15,0.0
253,2021-01-06 06:30:00,35.65,127.15,0.0
254,2021-01-06 07:00:00,35.65,127.15,0.0
255,2021-01-06 07:30:00,35.65,127.15,0.0
256,2021-01-06 08:00:00,35.65,127.15,0.0
257,2021-01-06 08:30:00,35.65,127.15,0.0
258,2021-01-06 09:00:00,35.65,127.15,0.0
259,2021-01-06 09:30:00,35.65,127.15,0.0
260,2021-01-06 10:00:00,35.65,127.15,0.0
261,2021-01-06 10:30:00,35.65,127.15,0.0
262,2021-01-06 11:00:00,35.65,127.15,0.0
263,2021-01-06 11:30:00,35.65,127.15,0.0
264,2021-01-06 12:00:00,35.65,127.15,0.0
265,2021-01-06 12:30:00,35.65,127.15,0.0
266,2021-01-06 13:00:00,35.65,127.15,0.0
267,2021-01-06 13:30:00,35.65,127.15,0.0
268,2021-01-06 14:00:00,35.65,127.15,0.0067541655
269,2021-01-06 14:30:00,35.65,127.15,0.0
270,2021-01-06 15:00:00,35.65,127.15,0.0
271,2021-01-06 15:30:00,35.65,127.15,0.0
272,2021-01-06 16:00:00,35.65,127.15,0.0
273,2021-01-06 16:30:00,35.65,127.15,0.0
274,2021-01-06 17:00:00,35.65,127.15,0.0
275,2021-01-06 17:30:00,35.65,127.15,0.0
276,2021-01-06 18:00:00,35.65,127.15,0.0
277,2021-01-06 18:30:00,35.65,127.15,0.0
278,2021-01-06 19:00:00,35.65,127.15,0.0
279,2021-01-06 19:30:00,35.65,127.15,0.0
280,2021-01-06 20:00:00,35.65,127.15,0.0
281,2021-01-06 20:30:00,35.65,127.15,0.0
282,2021-01-06 21:00:00,35.65,127.15,0.0
283,2021-01-06 21:30:00,35.65,127.15,0.0
284,2021-01-06 22:00:00,35.65,127.15,0.0
285,2021-01-06 22:30:00,35.65,127.15,0.0
286,2021-01-06 23:00:00,35.65,127.15,0.0
287,2021-01-06 23:30:00,35.65,127.15,0.0
288,2021-01-07 00:00:00,35.65,127.15,0.0
289,2021-01-07 00:30:00,35.65,127.15,0.0
290,2021-01-07 01:00:00,35.65,127.15,0.0
291,2021-01-07 01:30:00,35.65,127.15,0.0
292,2021-01-07 02:00:00,35.65,127.15,0.0
293,2021-01-07 02:30:00,35.65,127.15,0.0
294,2021-01-07 03:00:00,35.65,127.15,0.0
295,2021-01-07 03:30:00,35.65,127.15,0.0
296,2021-01-07 04:00:00,35.65,127.15,0.0
297,2021-01-07 04:30:00,35.65,127.15,0.0
298,2021-01-07 05:00:00,35.65,127.15,0.0
299,2021-01-07 05:30:00,35.65,127.15,0.0
300,2021-01-07 06:00:00,35.65,127.15,0.0
301,2021-01-07 06:30:00,35.65,127.15,0.0
302,2021-01-07 07:00:00,35.65,127.15,0.0
303,2021-01-07 07:30:00,35.65,127.15,0.0
304,2021-01-07 08:00:00,35.65,127.15,0.0
305,2021-01-07 08:30:00,35.65,127.15,0.0
306,2021-01-07 09:00:00,35.65,127.15,0.0
307,2021-01-07 09:30:00,35.65,127.15,0.0
308,2021-01-07 10:00:00,35.65,127.15,0.0
309,2021-01-07 10:30:00,35.65,127.15,0.0
310,2021-01-07 11:00:00,35.65,127.15,0.0
311,2021-01-07 11:30:00,35.65,127.15,0.0
312,2021-01-07 12:00:00,35.65,127.15,0.0
313,2021-01-07 12:30:00,35.65,127.15,0.0
314,2021-01-07 13:00:00,35.65,127.15,0.0
315,2021-01-07 13:30:00,35.65,127.15,0.0
316,2021-01-07 14:00:00,35.65,127.15,0.0
317,2021-01-07 14:30:00,35.65,127.15,0.0
318,2021-01-07 15:00:00,35.65,127.15,0.0
319,2021-01-07 15:30:00,35.65,127.15,0.0
320,2021-01-07 16:00:00,35.65,127.15,0.0
321,2021-01-07 16:30:00,35.65,127.15,0.0
322,2021-01-07 17:00:00,35.65,127.15,0.0
323,2021-01-07 17:30:00,35.65,127.15,0.0
324,2021-01-07 18:00:00,35.65,127.15,0.0
325,2021-01-07 18:30:00,35.65,127.15,0.0
326,2021-01-07 19:00:00,35.65,127.15,0.0
327,2021-01-07 19:30:00,35.65,127.15,0.0
328,2021-01-07 20:00:00,35.65,127.15,0.0
329,2021-01-07 20:30:00,35.65,127.15,0.0
330,2021-01-07 21:00:00,35.65,127.15,0.0
331,2021-01-07 21:30:00,35.65,127.15,0.0
332,2021-01-07 22:00:00,35.65,127.15,0.0
333,2021-01-07 22:30:00,35.65,127.15,0.0
334,2021-01-07 23:00:00,35.65,127.15,0.0
335,2021-01-07 23:30:00,35.65,127.15,0.0
336,2021-01-08 00:00:00,35.65,127.15,0.0
337,2021-01-08 00:30:00,35.65,127.15,0.0
338,2021-01-08 01:00:00,35.65,127.15,0.0
339,2021-01-08 01:30:00,35.65,127.15,0.0
340,2021-01-08 02:00:00,35.65,127.15,0.0
341,2021-01-08 02:30:00,35.65,127.15,0.0
342,2021-01-08 03:00:00,35.65,127.15,0.0
343,2021-01-08 03:30:00,35.65,127.15,0.0
344,2021-01-08 04:00:00,35.65,127.15,0.0
345,2021-01-08 04:30:00,35.65,127.15,0.0
346,2021-01-08 05:00:00,35.65,127.15,0.0
347,2021-01-08 05:30:00,35.65,127.15,0.0
348,2021-01-08 06:00:00,35.65,127.15,0.0
349,2021-01-08 06:30:00,35.65,127.15,0.0
350,2021-01-08 07:00:00,35.65,127.15,0.0
351,2021-01-08 07:30:00,35.65,127.15,0.0
352,2021-01-08 08:00:00,35.65,127.15,0.0
353,2021-01-08 08:30:00,35.65,127.15,0.0
354,2021-01-08 09:00:00,35.65,127.15,0.0
355,2021-01-08 09:30:00,35.65,127.15,0.0
356,2021-01-08 10:00:00,35.65,127.15,0.0
357,2021-01-08 10:30:00,35.65,127.15,0.0
358,2021-01-08 11:00:00,35.65,127.15,0.0
359,2021-01-08 11:30:00,35.65,127.15,0.0
360,2021-01-08 12:00:00,35.65,127.15,0.0
361,2021-01-08 12:30:00,35.65,127.15,0.0
362,2021-01-08 13:00:00,35.65,127.15,0.0
363,2021-01-08 13:30:00,35.65,127.15,0.0
364,2021-01-08 14:00:00,35.65,127.15,0.0
365,2021-01-08 14:30:00,35.65,127.15,0.0
366,2021-01-08 15:00:00,35.65,127.15,0.0
367,2021-01-08 15:30:00,35.65,127.15,0.0
368,2021-01-08 16:00:00,35.65,127.15,0.0
369,2021-01-08 16:30:00,35.65,127.15,0.0
370,2021-01-08 17:00:00,35.65,127.15,0.0
371,2021-01-08 17:30:00,35.65,127.15,0.0
372,2021-01-08 18:00:00,35.65,127.15,0.0
373,2021-01-08 18:30:00,35.65,127.15,0.0
374,2021-01-08 19:00:00,35.65,127.15,0.0
375,2021-01-08 19:30:00,35.65,127.15,0.0
376,2021-01-08 20:00:00,35.65,127.15,0.0
377,2021-01-08 20:30:00,35.65,127.15,0.0
378,2021-01-08 21:00:00,35.65,127.15,0.0
379,2021-01-08 21:30:00,35.65,127.15,0.0
380,2021-01-08 22:00:00,35.65,127.15,0.0
381,2021-01-08 22:30:00,35.65,127.15,0.0
382,2021-01-08 23:00:00,35.65,127.15,0.0
383,2021-01-08 23:30:00,35.65,127.15,0.0
384,2021-01-09 00:00:00,35.65,127.15,0.0
385,2021-01-09 00:30:00,35.65,127.15,0.0
386,2021-01-09 01:00:00,35.65,127.15,0.0
387,2021-01-09 01:30:00,35.65,127.15,0.0
388,2021-01-09 02:00:00,35.65,127.15,0.0
389,2021-01-09 02:30:00,35.65,127.15,0.0
390,2021-01-09 03:00:00,35.65,127.15,0.0
391,2021-01-09 03:30:00,35.65,127.15,0.0
392,2021-01-09 04:00:00,35.65,127.15,0.0
393,2021-01-09 04:30:00,35.65,127.15,0.0
394,2021-01-09 05:00:00,35.65,127.15,0.0
395,2021-01-09 05:30:00,35.65,127.15,0.0
396,2021-01-09 06:00:00,35.65,127.15,0.0
397,2021-01-09 06:30:00,35.65,127.15,0.0
398,2021-01-09 07:00:00,35.65,127.15,0.0
399,2021-01-09 07:30:00,35.65,127.15,0.0
400,2021-01-09 08:00:00,35.65,127.15,0.0
401,2021-01-09 08:30:00,35.65,127.15,0.0
402,2021-01-09 09:00:00,35.65,127.15,0.0
403,2021-01-09 09:30:00,35.65,127.15,0.0
404,2021-01-09 10:00:00,35.65,127.15,0.0
405,2021-01-09 10:30:00,35.65,127.15,0.0
406,2021-01-09 11:00:00,35.65,127.15,0.0
407,2021-01-09 11:30:00,35.65,127.15,0.0
408,2021-01-09 12:00:00,35.65,127.15,0.0
409,2021-01-09 12:30:00,35.65,127.15,0.0
410,2021-01-09 13:00:00,35.65,127.15,0.0
411,2021-01-09 13:30:00,35.65,127.15,0.0
412,2021-01-09 14:00:00,35.65,127.15,0.0
413,2021-01-09 14:30:00,35.65,127.15,0.0
414,2021-01-09 15:00:00,35.65,127.15,0.0
415,2021-01-09 15:30:00,35.65,127.15,0.0
416,2021-01-09 16:00:00,35.65,127.15,0.0
417,2021-01-09 16:30:00,35.65,127.15,0.0
418,2021-01-09 17:00:00,35.65,127.15,0.0
419,2021-01-09 17:30:00,35.65,127.15,0.0
420,2021-01-09 18:00:00,35.65,127.15,0.0
421,2021-01-09 18:30:00,35.65,127.15,0.0
422,2021-01-09 19:00:00,35.65,127.15,0.0
423,2021-01-09 19:30:00,35.65,127.15,0.0
424,2021-01-09 20:00:00,35.65,127.15,0.0
425,2021-01-09 20:30:00,35.65,127.15,0.0
426,2021-01-09 21:00:00,35.65,127.15,0.0
427,2021-01-09 21:30:00,35.65,127.15,0.0
428,2021-01-09 22:00:00,35.65,127.15,0.0
429,2021-01-09 22:30:00,35.65,127.15,0.0
430,2021-01-09 23:00:00,35.65,127.15,0.0
431,2021-01-09 23:30:00,35.65,127.15,0.0
432,2021-01-10 00:00:00,35.65,127.15,0.0
433,2021-01-10 00:30:00,35.65,127.15,0.0
434,2021-01-10 01:00:00,35.65,127.15,0.0
435,2021-01-10 01:30:00,35.65,127.15,0.0
436,2021-01-10 02:00:00,35.65,127.15,0.0
437,2021-01-10 02:30:00,35.65,127.15,0.0
438,2021-01-10 03:00:00,35.65,127.15,0.0
439,2021-01-10 03:30:00,35.65,127.15,0.0
440,2021-01-10 04:00:00,35.65,127.15,0.0
441,2021-01-10 04:30:00,35.65,127.15,0.0
442,2021-01-10 05:00:00,35.65,127.15,0.0
443,2021-01-10 05:30:00,35.65,127.15,0.0
444,2021-01-10 06:00:00,35.65,127.15,0.0
445,2021-01-10 06:30:00,35.65,127.15,0.0
446,2021-01-10 07:00:00,35.65,127.15,0.0
447,2021-01-10 07:30:00,35.65,127.15,0.0
448,2021-01-10 08:00:00,35.65,127.15,0.0
449,2021-01-10 08:30:00,35.65,127.15,0.0
450,2021-01-10 09:00:00,35.65,127.15,0.0
451,2021-01-10 09:30:00,35.65,127.15,0.0
452,2021-01-10 10:00:00,35.65,127.15,0.0
453,2021-01-10 10:30:00,35.65,127.15,0.0
454,2021-01-10 11:00:00,35.65,127.15,0.0
455,2021-01-10 11:30:00,35.65,127.15,0.0
456,2021-01-10 12:00:00,35.65,127.15,0.0
457,2021-01-10 12:30:00,35.65,127.15,0.0
458,2021-01-10 13:00:00,35.65,127.15,0.0
459,2021-01-10 13:30:00,35.65,127.15,0.0016
460,2021-01-10 14:00:00,35.65,127.15,0.0
461,2021-01-10 14:30:00,35.65,127.15,0.0
462,2021-01-10 15:00:00,35.65,127.15,0.0
463,2021-01-10 15:30:00,35.65,127.15,0.0
464,2021-01-10 16:00:00,35.65,127.15,0.0008
465,2021-01-10 16:30:00,35.65,127.15,0.0
466,2021-01-10 17:00:00,35.65,127.15,0.0
467,2021-01-10 17:30:00,35.65,127.15,0.0
468,2021-01-10 18:00:00,35.65,127.15,0.0
469,2021-01-10 18:30:00,35.65,127.15,0.0032
470,2021-01-10 19:00:00,35.65,127.15,0.015999997
471,2021-01-10 19:30:00,35.65,127.15,0.0
472,2021-01-10 20:00:00,35.65,127.15,0.38959998
473,2021-01-10 20:30:00,35.65,127.15,0.9168
474,2021-01-10 21:00:00,35.65,127.15,0.994
475,2021-01-10 21:30:00,35.65,127.15,0.1028
476,2021-01-10 22:00:00,35.65,127.15,0.0
477,2021-01-10 22:30:00,35.65,127.15,0.0
478,2021-01-10 23:00:00,35.65,127.15,0.0
479,2021-01-10 23:30:00,35.65,127.15,0.0
480,2021-01-11 00:00:00,35.65,127.15,0.0
481,2021-01-11 00:30:00,35.65,127.15,0.0
482,2021-01-11 01:00:00,35.65,127.15,0.0
483,2021-01-11 01:30:00,35.65,127.15,0.47239995
484,2021-01-11 02:00:00,35.65,127.15,2.2663999
485,2021-01-11 02:30:00,35.65,127.15,0.051599994
486,2021-01-11 03:00:00,35.65,127.15,0.17
487,2021-01-11 03:30:00,35.65,127.15,0.055999994
488,2021-01-11 04:00:00,35.65,127.15,0.0052
489,2021-01-11 04:30:00,35.65,127.15,0.0
490,2021-01-11 05:00:00,35.65,127.15,0.0
491,2021-01-11 05:30:00,35.65,127.15,0.0004
492,2021-01-11 06:00:00,35.65,127.15,0.019999998
493,2021-01-11 06:30:00,35.65,127.15,0.0
494,2021-01-11 07:00:00,35.65,127.15,0.0
495,2021-01-11 07:30:00,35.65,127.15,0.0
496,2021-01-11 08:00:00,35.65,127.15,0.0
497,2021-01-11 08:30:00,35.65,127.15,0.0
498,2021-01-11 09:00:00,35.65,127.15,0.0
499,2021-01-11 09:30:00,35.65,127.15,0.0
500,2021-01-11 10:00:00,35.65,127.15,0.0
501,2021-01-11 10:30:00,35.65,127.15,0.0
502,2021-01-11 11:00:00,35.65,127.15,0.0
503,2021-01-11 11:30:00,35.65,127.15,0.0
504,2021-01-11 12:00:00,35.65,127.15,0.0
505,2021-01-11 12:30:00,35.65,127.15,0.0
506,2021-01-11 13:00:00,35.65,127.15,0.0
507,2021-01-11 13:30:00,35.65,127.15,0.0
508,2021-01-11 14:00:00,35.65,127.15,0.0
509,2021-01-11 14:30:00,35.65,127.15,0.0
510,2021-01-11 15:00:00,35.65,127.15,0.0
511,2021-01-11 15:30:00,35.65,127.15,0.0
512,2021-01-11 16:00:00,35.65,127.15,0.0
513,2021-01-11 16:30:00,35.65,127.15,0.0
514,2021-01-11 17:00:00,35.65,127.15,0.0
515,2021-01-11 17:30:00,35.65,127.15,0.0
516,2021-01-11 18:00:00,35.65,127.15,0.0
517,2021-01-11 18:30:00,35.65,127.15,0.0
518,2021-01-11 19:00:00,35.65,127.15,0.0
519,2021-01-11 19:30:00,35.65,127.15,0.0
520,2021-01-11 20:00:00,35.65,127.15,0.0
521,2021-01-11 20:30:00,35.65,127.15,0.0
522,2021-01-11 21:00:00,35.65,127.15,0.0
523,2021-01-11 21:30:00,35.65,127.15,0.0
524,2021-01-11 22:00:00,35.65,127.15,0.0
525,2021-01-11 22:30:00,35.65,127.15,0.0
526,2021-01-11 23:00:00,35.65,127.15,0.0
527,2021-01-11 23:30:00,35.65,127.15,0.0
528,2021-01-12 00:00:00,35.65,127.15,0.0
529,2021-01-12 00:30:00,35.65,127.15,0.0
530,2021-01-12 01:00:00,35.65,127.15,0.0
531,2021-01-12 01:30:00,35.65,127.15,0.0
532,2021-01-12 02:00:00,35.65,127.15,0.0
533,2021-01-12 02:30:00,35.65,127.15,0.0
534,2021-01-12 03:00:00,35.65,127.15,0.0
535,2021-01-12 03:30:00,35.65,127.15,0.0
536,2021-01-12 04:00:00,35.65,127.15,0.0
537,2021-01-12 04:30:00,35.65,127.15,0.0
538,2021-01-12 05:00:00,35.65,127.15,0.0
539,2021-01-12 05:30:00,35.65,127.15,0.0
540,2021-01-12 06:00:00,35.65,127.15,0.0
541,2021-01-12 06:30:00,35.65,127.15,0.0
542,2021-01-12 07:00:00,35.65,127.15,0.0
543,2021-01-12 07:30:00,35.65,127.15,0.0
544,2021-01-12 08:00:00,35.65,127.15,0.0
545,2021-01-12 08:30:00,35.65,127.15,0.0
546,2021-01-12 09:00:00,35.65,127.15,0.0
547,2021-01-12 09:30:00,35.65,127.15,0.0
548,2021-01-12 10:00:00,35.65,127.15,0.0
549,2021-01-12 10:30:00,35.65,127.15,0.0
550,2021-01-12 11:00:00,35.65,127.15,0.0
551,2021-01-12 11:30:00,35.65,127.15,0.0
552,2021-01-12 12:00:00,35.65,127.15,0.0
553,2021-01-12 12:30:00,35.65,127.15,0.0
554,2021-01-12 13:00:00,35.65,127.15,0.0
555,2021-01-12 13:30:00,35.65,127.15,0.0
556,2021-01-12 14:00:00,35.65,127.15,0.0
557,2021-01-12 14:30:00,35.65,127.15,0.0
558,2021-01-12 15:00:00,35.65,127.15,0.0
559,2021-01-12 15:30:00,35.65,127.15,0.0
560,2021-01-12 16:00:00,35.65,127.15,0.0
561,2021-01-12 16:30:00,35.65,127.15,0.0
562,2021-01-12 17:00:00,35.65,127.15,0.0
563,2021-01-12 17:30:00,35.65,127.15,0.0
564,2021-01-12 18:00:00,35.65,127.15,0.0
565,2021-01-12 18:30:00,35.65,127.15,0.0
566,2021-01-12 19:00:00,35.65,127.15,0.0
567,2021-01-12 19:30:00,35.65,127.15,0.0
568,2021-01-12 20:00:00,35.65,127.15,0.0
569,2021-01-12 20:30:00,35.65,127.15,0.0
570,2021-01-12 21:00:00,35.65,127.15,0.0
571,2021-01-12 21:30:00,35.65,127.15,0.0
572,2021-01-12 22:00:00,35.65,127.15,0.0
573,2021-01-12 22:30:00,35.65,127.15,0.0
574,2021-01-12 23:00:00,35.65,127.15,0.0
575,2021-01-12 23:30:00,35.65,127.15,0.0
576,2021-01-13 00:00:00,35.65,127.15,0.0
577,2021-01-13 00:30:00,35.65,127.15,0.0
578,2021-01-13 01:00:00,35.65,127.15,0.0
579,2021-01-13 01:30:00,35.65,127.15,0.0
580,2021-01-13 02:00:00,35.65,127.15,0.0
581,2021-01-13 02:30:00,35.65,127.15,0.0
582,2021-01-13 03:00:00,35.65,127.15,0.0
583,2021-01-13 03:30:00,35.65,127.15,0.0
584,2021-01-13 04:00:00,35.65,127.15,0.0
585,2021-01-13 04:30:00,35.65,127.15,0.0
586,2021-01-13 05:00:00,35.65,127.15,0.0
587,2021-01-13 05:30:00,35.65,127.15,0.0
588,2021-01-13 06:00:00,35.65,127.15,0.0
589,2021-01-13 06:30:00,35.65,127.15,0.0
590,2021-01-13 07:00:00,35.65,127.15,0.0
591,2021-01-13 07:30:00,35.65,127.15,0.0
592,2021-01-13 08:00:00,35.65,127.15,0.0
593,2021-01-13 08:30:00,35.65,127.15,0.0
594,2021-01-13 09:00:00,35.65,127.15,0.0
595,2021-01-13 09:30:00,35.65,127.15,0.0
596,2021-01-13 10:00:00,35.65,127.15,0.0
597,2021-01-13 10:30:00,35.65,127.15,0.0
598,2021-01-13 11:00:00,35.65,127.15,0.0
599,2021-01-13 11:30:00,35.65,127.15,0.0
600,2021-01-13 12:00:00,35.65,127.15,0.0
601,2021-01-13 12:30:00,35.65,127.15,0.0
602,2021-01-13 13:00:00,35.65,127.15,0.0
603,2021-01-13 13:30:00,35.65,127.15,0.0
604,2021-01-13 14:00:00,35.65,127.15,0.0
605,2021-01-13 14:30:00,35.65,127.15,0.0
606,2021-01-13 15:00:00,35.65,127.15,0.0
607,2021-01-13 15:30:00,35.65,127.15,0.0
608,2021-01-13 16:00:00,35.65,127.15,0.0
609,2021-01-13 16:30:00,35.65,127.15,0.0
610,2021-01-13 17:00:00,35.65,127.15,0.0
611,2021-01-13 17:30:00,35.65,127.15,0.0
612,2021-01-13 18:00:00,35.65,127.15,0.0
613,2021-01-13 18:30:00,35.65,127.15,0.0
614,2021-01-13 19:00:00,35.65,127.15,0.0
615,2021-01-13 19:30:00,35.65,127.15,0.0
616,2021-01-13 20:00:00,35.65,127.15,0.0
617,2021-01-13 20:30:00,35.65,127.15,0.0
618,2021-01-13 21:00:00,35.65,127.15,0.0
619,2021-01-13 21:30:00,35.65,127.15,0.0
620,2021-01-13 22:00:00,35.65,127.15,0.0
621,2021-01-13 22:30:00,35.65,127.15,0.0
622,2021-01-13 23:00:00,35.65,127.15,0.0
623,2021-01-13 23:30:00,35.65,127.15,0.0
624,2021-01-14 00:00:00,35.65,127.15,0.0
625,2021-01-14 00:30:00,35.65,127.15,0.0
626,2021-01-14 01:00:00,35.65,127.15,0.0
627,2021-01-14 01:30:00,35.65,127.15,0.0
628,2021-01-14 02:00:00,35.65,127.15,0.0
629,2021-01-14 02:30:00,35.65,127.15,0.0
630,2021-01-14 03:00:00,35.65,127.15,0.0
631,2021-01-14 03:30:00,35.65,127.15,0.0
632,2021-01-14 04:00:00,35.65,127.15,0.0
633,2021-01-14 04:30:00,35.65,127.15,0.0
634,2021-01-14 05:00:00,35.65,127.15,0.0
635,2021-01-14 05:30:00,35.65,127.15,0.0
636,2021-01-14 06:00:00,35.65,127.15,0.0
637,2021-01-14 06:30:00,35.65,127.15,0.0
638,2021-01-14 07:00:00,35.65,127.15,0.0
639,2021-01-14 07:30:00,35.65,127.15,0.0
640,2021-01-14 08:00:00,35.65,127.15,0.0
641,2021-01-14 08:30:00,35.65,127.15,0.0
642,2021-01-14 09:00:00,35.65,127.15,0.0
643,2021-01-14 09:30:00,35.65,127.15,0.0
644,2021-01-14 10:00:00,35.65,127.15,0.0
645,2021-01-14 10:30:00,35.65,127.15,0.0
646,2021-01-14 11:00:00,35.65,127.15,0.0
647,2021-01-14 11:30:00,35.65,127.15,0.0
648,2021-01-14 12:00:00,35.65,127.15,0.0
649,2021-01-14 12:30:00,35.65,127.15,0.0
650,2021-01-14 13:00:00,35.65,127.15,0.0
651,2021-01-14 13:30:00,35.65,127.15,0.0
652,2021-01-14 14:00:00,35.65,127.15,0.0
653,2021-01-14 14:30:00,35.65,127.15,0.0
654,2021-01-14 15:00:00,35.65,127.15,0.0
655,2021-01-14 15:30:00,35.65,127.15,0.0
656,2021-01-14 16:00:00,35.65,127.15,0.0
657,2021-01-14 16:30:00,35.65,127.15,0.0
658,2021-01-14 17:00:00,35.65,127.15,0.0
659,2021-01-14 17:30:00,35.65,127.15,0.0
660,2021-01-14 18:00:00,35.65,127.15,0.0
661,2021-01-14 18:30:00,35.65,127.15,0.0
662,2021-01-14 19:00:00,35.65,127.15,0.0
663,2021-01-14 19:30:00,35.65,127.15,0.0
664,2021-01-14 20:00:00,35.65,127.15,0.0
665,2021-01-14 20:30:00,35.65,127.15,0.0
666,2021-01-14 21:00:00,35.65,127.15,0.0
667,2021-01-14 21:30:00,35.65,127.15,0.0
668,2021-01-14 22:00:00,35.65,127.15,0.0
669,2021-01-14 22:30:00,35.65,127.15,0.0
670,2021-01-14 23:00:00,35.65,127.15,0.0
671,2021-01-14 23:30:00,35.65,127.15,0.0
672,2021-01-15 00:00:00,35.65,127.15,0.0
673,2021-01-15 00:30:00,35.65,127.15,0.0
674,2021-01-15 01:00:00,35.65,127.15,0.0
675,2021-01-15 01:30:00,35.65,127.15,0.0
676,2021-01-15 02:00:00,35.65,127.15,0.0
677,2021-01-15 02:30:00,35.65,127.15,0.0
678,2021-01-15 03:00:00,35.65,127.15,0.0
679,2021-01-15 03:30:00,35.65,127.15,0.0
680,2021-01-15 04:00:00,35.65,127.15,0.0052
681,2021-01-15 04:30:00,35.65,127.15,0.02
682,2021-01-15 05:00:00,35.65,127.15,0.0572
683,2021-01-15 05:30:00,35.65,127.15,0.0
684,2021-01-15 06:00:00,35.65,127.15,0.0
685,2021-01-15 06:30:00,35.65,127.15,0.0
686,2021-01-15 07:00:00,35.65,127.15,0.0
687,2021-01-15 07:30:00,35.65,127.15,0.010799999
688,2021-01-15 08:00:00,35.65,127.15,0.023999998
689,2021-01-15 08:30:00,35.65,127.15,0.09919999
690,2021-01-15 09:00:00,35.65,127.15,0.06999999
691,2021-01-15 09:30:00,35.65,127.15,0.06999999
692,2021-01-15 10:00:00,35.65,127.15,1.0487999
693,2021-01-15 10:30:00,35.65,127.15,0.0004
694,2021-01-15 11:00:00,35.65,127.15,0.0
695,2021-01-15 11:30:00,35.65,127.15,0.0
696,2021-01-15 12:00:00,35.65,127.15,0.094
697,2021-01-15 12:30:00,35.65,127.15,0.0019999999
698,2021-01-15 13:00:00,35.65,127.15,0.020399999
699,2021-01-15 13:30:00,35.65,127.15,0.0
700,2021-01-15 14:00:00,35.65,127.15,0.0
701,2021-01-15 14:30:00,35.65,127.15,0.0
702,2021-01-15 15:00:00,35.65,127.15,0.063200004
703,2021-01-15 15:30:00,35.65,127.15,0.0916
704,2021-01-15 16:00:00,35.65,127.15,0.0
705,2021-01-15 16:30:00,35.65,127.15,0.0
706,2021-01-15 17:00:00,35.65,127.15,0.0
707,2021-01-15 17:30:00,35.65,127.15,0.0
708,2021-01-15 18:00:00,35.65,127.15,0.0
709,2021-01-15 18:30:00,35.65,127.15,0.0
710,2021-01-15 19:00:00,35.65,127.15,0.0
711,2021-01-15 19:30:00,35.65,127.15,0.0
712,2021-01-15 20:00:00,35.65,127.15,0.0
713,2021-01-15 20:30:00,35.65,127.15,0.0
714,2021-01-15 21:00:00,35.65,127.15,0.0
715,2021-01-15 21:30:00,35.65,127.15,0.0
716,2021-01-15 22:00:00,35.65,127.15,0.0
717,2021-01-15 22:30:00,35.65,127.15,0.0
718,2021-01-15 23:00:00,35.65,127.15,0.0
719,2021-01-15 23:30:00,35.65,127.15,0.0
720,2021-01-16 00:00:00,35.65,127.15,0.0
721,2021-01-16 00:30:00,35.65,127.15,0.0
722,2021-01-16 01:00:00,35.65,127.15,0.0
723,2021-01-16 01:30:00,35.65,127.15,0.0
724,2021-01-16 02:00:00,35.65,127.15,0.0
725,2021-01-16 02:30:00,35.65,127.15,0.0
726,2021-01-16 03:00:00,35.65,127.15,0.0
727,2021-01-16 03:30:00,35.65,127.15,0.0
728,2021-01-16 04:00:00,35.65,127.15,0.0
729,2021-01-16 04:30:00,35.65,127.15,0.0
730,2021-01-16 05:00:00,35.65,127.15,0.0
731,2021-01-16 05:30:00,35.65,127.15,0.0
732,2021-01-16 06:00:00,35.65,127.15,0.0
733,2021-01-16 06:30:00,35.65,127.15,0.0
734,2021-01-16 07:00:00,35.65,127.15,0.0
735,2021-01-16 07:30:00,35.65,127.15,0.0
736,2021-01-16 08:00:00,35.65,127.15,0.0
737,2021-01-16 08:30:00,35.65,127.15,0.0
738,2021-01-16 09:00:00,35.65,127.15,0.0
739,2021-01-16 09:30:00,35.65,127.15,0.0
740,2021-01-16 10:00:00,35.65,127.15,0.0
741,2021-01-16 10:30:00,35.65,127.15,0.0
742,2021-01-16 11:00:00,35.65,127.15,0.0
743,2021-01-16 11:30:00,35.65,127.15,0.0
744,2021-01-16 12:00:00,35.65,127.15,0.0
745,2021-01-16 12:30:00,35.65,127.15,0.0
746,2021-01-16 13:00:00,35.65,127.15,0.0
747,2021-01-16 13:30:00,35.65,127.15,0.0
748,2021-01-16 14:00:00,35.65,127.15,0.0
749,2021-01-16 14:30:00,35.65,127.15,0.0
750,2021-01-16 15:00:00,35.65,127.15,0.0
751,2021-01-16 15:30:00,35.65,127.15,0.0084
752,2021-01-16 16:00:00,35.65,127.15,0.011999999
753,2021-01-16 16:30:00,35.65,127.15,0.146
754,2021-01-16 17:00:00,35.65,127.15,0.24119999
755,2021-01-16 17:30:00,35.65,127.15,0.0008
756,2021-01-16 18:00:00,35.65,127.15,0.0
757,2021-01-16 18:30:00,35.65,127.15,0.0
758,2021-01-16 19:00:00,35.65,127.15,0.0
759,2021-01-16 19:30:00,35.65,127.15,0.0
760,2021-01-16 20:00:00,35.65,127.15,0.0
761,2021-01-16 20:30:00,35.65,127.15,0.0
762,2021-01-16 21:00:00,35.65,127.15,0.0
763,2021-01-16 21:30:00,35.65,127.15,0.0
764,2021-01-16 22:00:00,35.65,127.15,0.0
765,2021-01-16 22:30:00,35.65,127.15,0.0
766,2021-01-16 23:00:00,35.65,127.15,0.0
767,2021-01-16 23:30:00,35.65,127.15,0.0
768,2021-01-17 00:00:00,35.65,127.15,0.0
769,2021-01-17 00:30:00,35.65,127.15,0.0
770,2021-01-17 01:00:00,35.65,127.15,0.0
771,2021-01-17 01:30:00,35.65,127.15,0.0
772,2021-01-17 02:00:00,35.65,127.15,0.0
773,2021-01-17 02:30:00,35.65,127.15,0.0
774,2021-01-17 03:00:00,35.65,127.15,0.0
775,2021-01-17 03:30:00,35.65,127.15,0.0
776,2021-01-17 04:00:00,35.65,127.15,0.0
777,2021-01-17 04:30:00,35.65,127.15,0.0
778,2021-01-17 05:00:00,35.65,127.15,0.0
779,2021-01-17 05:30:00,35.65,127.15,0.0
780,2021-01-17 06:00:00,35.65,127.15,0.0
781,2021-01-17 06:30:00,35.65,127.15,0.0
782,2021-01-17 07:00:00,35.65,127.15,0.0
783,2021-01-17 07:30:00,35.65,127.15,0.0
784,2021-01-17 08:00:00,35.65,127.15,0.0
785,2021-01-17 08:30:00,35.65,127.15,0.0
786,2021-01-17 09:00:00,35.65,127.15,0.0
787,2021-01-17 09:30:00,35.65,127.15,0.0
788,2021-01-17 10:00:00,35.65,127.15,0.0
789,2021-01-17 10:30:00,35.65,127.15,0.0
790,2021-01-17 11:00:00,35.65,127.15,0.0
791,2021-01-17 11:30:00,35.65,127.15,0.0
792,2021-01-17 12:00:00,35.65,127.15,0.0
793,2021-01-17 12:30:00,35.65,127.15,0.0
794,2021-01-17 13:00:00,35.65,127.15,0.0
795,2021-01-17 13:30:00,35.65,127.15,0.0
796,2021-01-17 14:00:00,35.65,127.15,0.0
797,2021-01-17 14:30:00,35.65,127.15,0.0
798,2021-01-17 15:00:00,35.65,127.15,0.0
799,2021-01-17 15:30:00,35.65,127.15,0.0
800,2021-01-17 16:00:00,35.65,127.15,0.0
801,2021-01-17 16:30:00,35.65,127.15,0.0
802,2021-01-17 17:00:00,35.65,127.15,0.0
803,2021-01-17 17:30:00,35.65,127.15,0.0
804,2021-01-17 18:00:00,35.65,127.15,0.0
805,2021-01-17 18:30:00,35.65,127.15,0.0
806,2021-01-17 19:00:00,35.65,127.15,0.0
807,2021-01-17 19:30:00,35.65,127.15,0.0
808,2021-01-17 20:00:00,35.65,127.15,0.0
809,2021-01-17 20:30:00,35.65,127.15,0.0
810,2021-01-17 21:00:00,35.65,127.15,0.0
811,2021-01-17 21:30:00,35.65,127.15,0.0
812,2021-01-17 22:00:00,35.65,127.15,0.0
813,2021-01-17 22:30:00,35.65,127.15,0.0
814,2021-01-17 23:00:00,35.65,127.15,0.0
815,2021-01-17 23:30:00,35.65,127.15,0.0
816,2021-01-18 00:00:00,35.65,127.15,0.0
817,2021-01-18 00:30:00,35.65,127.15,0.0
818,2021-01-18 01:00:00,35.65,127.15,0.0
819,2021-01-18 01:30:00,35.65,127.15,0.0
820,2021-01-18 02:00:00,35.65,127.15,0.0
821,2021-01-18 02:30:00,35.65,127.15,0.0
822,2021-01-18 03:00:00,35.65,127.15,0.0
823,2021-01-18 03:30:00,35.65,127.15,0.0
824,2021-01-18 04:00:00,35.65,127.15,0.0
825,2021-01-18 04:30:00,35.65,127.15,0.0
826,2021-01-18 05:00:00,35.65,127.15,0.0
827,2021-01-18 05:30:00,35.65,127.15,0.0
828,2021-01-18 06:00:00,35.65,127.15,0.0
829,2021-01-18 06:30:00,35.65,127.15,0.0
830,2021-01-18 07:00:00,35.65,127.15,0.0
831,2021-01-18 07:30:00,35.65,127.15,0.0
832,2021-01-18 08:00:00,35.65,127.15,0.0
833,2021-01-18 08:30:00,35.65,127.15,0.0
834,2021-01-18 09:00:00,35.65,127.15,0.0
835,2021-01-18 09:30:00,35.65,127.15,0.0
836,2021-01-18 10:00:00,35.65,127.15,0.0
837,2021-01-18 10:30:00,35.65,127.15,0.0
838,2021-01-18 11:00:00,35.65,127.15,0.0
839,2021-01-18 11:30:00,35.65,127.15,0.0
840,2021-01-18 12:00:00,35.65,127.15,0.0
841,2021-01-18 12:30:00,35.65,127.15,0.0
842,2021-01-18 13:00:00,35.65,127.15,0.0
843,2021-01-18 13:30:00,35.65,127.15,0.0
844,2021-01-18 14:00:00,35.65,127.15,0.0
845,2021-01-18 14:30:00,35.65,127.15,0.0
846,2021-01-18 15:00:00,35.65,127.15,0.0
847,2021-01-18 15:30:00,35.65,127.15,0.0
848,2021-01-18 16:00:00,35.65,127.15,0.0
849,2021-01-18 16:30:00,35.65,127.15,0.0
850,2021-01-18 17:00:00,35.65,127.15,0.0
851,2021-01-18 17:30:00,35.65,127.15,0.0
852,2021-01-18 18:00:00,35.65,127.15,0.0
853,2021-01-18 18:30:00,35.65,127.15,0.0
854,2021-01-18 19:00:00,35.65,127.15,0.0
855,2021-01-18 19:30:00,35.65,127.15,0.0
856,2021-01-18 20:00:00,35.65,127.15,0.0
857,2021-01-18 20:30:00,35.65,127.15,0.0
858,2021-01-18 21:00:00,35.65,127.15,0.0
859,2021-01-18 21:30:00,35.65,127.15,0.0
860,2021-01-18 22:00:00,35.65,127.15,0.0
861,2021-01-18 22:30:00,35.65,127.15,0.0
862,2021-01-18 23:00:00,35.65,127.15,0.0
863,2021-01-18 23:30:00,35.65,127.15,0.0
864,2021-01-19 00:00:00,35.65,127.15,0.0
865,2021-01-19 00:30:00,35.65,127.15,0.0
866,2021-01-19 01:00:00,35.65,127.15,0.0
867,2021-01-19 01:30:00,35.65,127.15,0.0
868,2021-01-19 02:00:00,35.65,127.15,0.0
869,2021-01-19 02:30:00,35.65,127.15,0.0
870,2021-01-19 03:00:00,35.65,127.15,0.0
871,2021-01-19 03:30:00,35.65,127.15,0.0
872,2021-01-19 04:00:00,35.65,127.15,0.0
873,2021-01-19 04:30:00,35.65,127.15,0.0
874,2021-01-19 05:00:00,35.65,127.15,0.0
875,2021-01-19 05:30:00,35.65,127.15,0.0
876,2021-01-19 06:00:00,35.65,127.15,0.0
877,2021-01-19 06:30:00,35.65,127.15,0.0
878,2021-01-19 07:00:00,35.65,127.15,0.0
879,2021-01-19 07:30:00,35.65,127.15,0.0
880,2021-01-19 08:00:00,35.65,127.15,0.0
881,2021-01-19 08:30:00,35.65,127.15,0.0
882,2021-01-19 09:00:00,35.65,127.15,0.0
883,2021-01-19 09:30:00,35.65,127.15,0.0
884,2021-01-19 10:00:00,35.65,127.15,0.0
885,2021-01-19 10:30:00,35.65,127.15,0.0
886,2021-01-19 11:00:00,35.65,127.15,0.0
887,2021-01-19 11:30:00,35.65,127.15,0.0
888,2021-01-19 12:00:00,35.65,127.15,0.0
889,2021-01-19 12:30:00,35.65,127.15,0.0
890,2021-01-19 13:00:00,35.65,127.15,0.0
891,2021-01-19 13:30:00,35.65,127.15,0.0
892,2021-01-19 14:00:00,35.65,127.15,0.0
893,2021-01-19 14:30:00,35.65,127.15,0.0
894,2021-01-19 15:00:00,35.65,127.15,0.0
895,2021-01-19 15:30:00,35.65,127.15,0.0
896,2021-01-19 16:00:00,35.65,127.15,0.0
897,2021-01-19 16:30:00,35.65,127.15,0.0
898,2021-01-19 17:00:00,35.65,127.15,0.0
899,2021-01-19 17:30:00,35.65,127.15,0.0
900,2021-01-19 18:00:00,35.65,127.15,0.0
901,2021-01-19 18:30:00,35.65,127.15,0.0
902,2021-01-19 19:00:00,35.65,127.15,0.0
903,2021-01-19 19:30:00,35.65,127.15,0.0
904,2021-01-19 20:00:00,35.65,127.15,0.0
905,2021-01-19 20:30:00,35.65,127.15,0.0
906,2021-01-19 21:00:00,35.65,127.15,0.0
907,2021-01-19 21:30:00,35.65,127.15,0.0
908,2021-01-19 22:00:00,35.65,127.15,0.0
909,2021-01-19 22:30:00,35.65,127.15,0.0
910,2021-01-19 23:00:00,35.65,127.15,0.0
911,2021-01-19 23:30:00,35.65,127.15,0.0
912,2021-01-20 00:00:00,35.65,127.15,0.0
913,2021-01-20 00:30:00,35.65,127.15,0.0
914,2021-01-20 01:00:00,35.65,127.15,0.0
915,2021-01-20 01:30:00,35.65,127.15,0.0
916,2021-01-20 02:00:00,35.65,127.15,0.0
917,2021-01-20 02:30:00,35.65,127.15,0.0
918,2021-01-20 03:00:00,35.65,127.15,0.0
919,2021-01-20 03:30:00,35.65,127.15,0.0
920,2021-01-20 04:00:00,35.65,127.15,0.0
921,2021-01-20 04:30:00,35.65,127.15,0.0
922,2021-01-20 05:00:00,35.65,127.15,0.0
923,2021-01-20 05:30:00,35.65,127.15,0.0
924,2021-01-20 06:00:00,35.65,127.15,0.0
925,2021-01-20 06:30:00,35.65,127.15,0.0
926,2021-01-20 07:00:00,35.65,127.15,0.0
927,2021-01-20 07:30:00,35.65,127.15,0.0
928,2021-01-20 08:00:00,35.65,127.15,0.0
929,2021-01-20 08:30:00,35.65,127.15,0.0
930,2021-01-20 09:00:00,35.65,127.15,0.0
931,2021-01-20 09:30:00,35.65,127.15,0.0
932,2021-01-20 10:00:00,35.65,127.15,0.0
933,2021-01-20 10:30:00,35.65,127.15,0.0
934,2021-01-20 11:00:00,35.65,127.15,0.0
935,2021-01-20 11:30:00,35.65,127.15,0.0
936,2021-01-20 12:00:00,35.65,127.15,0.0
937,2021-01-20 12:30:00,35.65,127.15,0.0
938,2021-01-20 13:00:00,35.65,127.15,0.0
939,2021-01-20 13:30:00,35.65,127.15,0.0
940,2021-01-20 14:00:00,35.65,127.15,0.0
941,2021-01-20 14:30:00,35.65,127.15,0.0
942,2021-01-20 15:00:00,35.65,127.15,0.0
943,2021-01-20 15:30:00,35.65,127.15,0.0
944,2021-01-20 16:00:00,35.65,127.15,0.0
945,2021-01-20 16:30:00,35.65,127.15,0.0
946,2021-01-20 17:00:00,35.65,127.15,0.0
947,2021-01-20 17:30:00,35.65,127.15,0.0
948,2021-01-20 18:00:00,35.65,127.15,0.0
949,2021-01-20 18:30:00,35.65,127.15,0.0
950,2021-01-20 19:00:00,35.65,127.15,0.0
951,2021-01-20 19:30:00,35.65,127.15,0.0
952,2021-01-20 20:00:00,35.65,127.15,0.0
953,2021-01-20 20:30:00,35.65,127.15,0.0
954,2021-01-20 21:00:00,35.65,127.15,0.0
955,2021-01-20 21:30:00,35.65,127.15,0.0
956,2021-01-20 22:00:00,35.65,127.15,0.0
957,2021-01-20 22:30:00,35.65,127.15,0.0
958,2021-01-20 23:00:00,35.65,127.15,0.0
959,2021-01-20 23:30:00,35.65,127.15,0.0
960,2021-01-21 00:00:00,35.65,127.15,0.0
961,2021-01-21 00:30:00,35.65,127.15,0.0
962,2021-01-21 01:00:00,35.65,127.15,0.0
963,2021-01-21 01:30:00,35.65,127.15,0.0
964,2021-01-21 02:00:00,35.65,127.15,0.030969845
965,2021-01-21 02:30:00,35.65,127.15,0.057600785
966,2021-01-21 03:00:00,35.65,127.15,0.081738085
967,2021-01-21 03:30:00,35.65,127.15,0.14337373
968,2021-01-21 04:00:00,35.65,127.15,0.1876351
969,2021-01-21 04:30:00,35.65,127.15,1.15
970,2021-01-21 05:00:00,35.65,127.15,0.0
971,2021-01-21 05:30:00,35.65,127.15,0.41028258
972,2021-01-21 06:00:00,35.65,127.15,0.59078616
973,2021-01-21 06:30:00,35.65,127.15,0.87086457
974,2021-01-21 07:00:00,35.65,127.15,1.28
975,2021-01-21 07:30:00,35.65,127.15,2.3887477
976,2021-01-21 08:00:00,35.65,127.15,2.109947
977,2021-01-21 08:30:00,35.65,127.15,1.5440149
978,2021-01-21 09:00:00,35.65,127.15,2.5414546
979,2021-01-21 09:30:00,35.65,127.15,1.8198065
980,2021-01-21 10:00:00,35.65,127.15,1.86
981,2021-01-21 10:30:00,35.65,127.15,2.0900006
982,2021-01-21 11:00:00,35.65,127.15,1.620603
983,2021-01-21 11:30:00,35.65,127.15,0.812514
984,2021-01-21 12:00:00,35.65,127.15,0.02
985,2021-01-21 12:30:00,35.65,127.15,0.0103918025
986,2021-01-21 13:00:00,35.65,127.15,0.0
987,2021-01-21 13:30:00,35.65,127.15,0.0
988,2021-01-21 14:00:00,35.65,127.15,0.0
989,2021-01-21 14:30:00,35.65,127.15,0.0
990,2021-01-21 15:00:00,35.65,127.15,0.0
991,2021-01-21 15:30:00,35.65,127.15,0.0
992,2021-01-21 16:00:00,35.65,127.15,0.0
993,2021-01-21 16:30:00,35.65,127.15,0.0
994,2021-01-21 17:00:00,35.65,127.15,0.0
995,2021-01-21 17:30:00,35.65,127.15,0.0
996,2021-01-21 18:00:00,35.65,127.15,0.0
997,2021-01-21 18:30:00,35.65,127.15,0.0
998,2021-01-21 19:00:00,35.65,127.15,0.0
999,2021-01-21 19:30:00,35.65,127.15,0.0
1000,2021-01-21 20:00:00,35.65,127.15,0.0
1001,2021-01-21 20:30:00,35.65,127.15,0.0
1002,2021-01-21 21:00:00,35.65,127.15,0.0
1003,2021-01-21 21:30:00,35.65,127.15,0.0
1004,2021-01-21 22:00:00,35.65,127.15,0.0
1005,2021-01-21 22:30:00,35.65,127.15,0.0
1006,2021-01-21 23:00:00,35.65,127.15,0.0
1007,2021-01-21 23:30:00,35.65,127.15,0.0
1008,2021-01-22 00:00:00,35.65,127.15,0.0
1009,2021-01-22 00:30:00,35.65,127.15,0.0
1010,2021-01-22 01:00:00,35.65,127.15,0.0
1011,2021-01-22 01:30:00,35.65,127.15,0.0
1012,2021-01-22 02:00:00,35.65,127.15,0.0
1013,2021-01-22 02:30:00,35.65,127.15,0.0
1014,2021-01-22 03:00:00,35.65,127.15,0.0
1015,2021-01-22 03:30:00,35.65,127.15,0.0
1016,2021-01-22 04:00:00,35.65,127.15,0.0
1017,2021-01-22 04:30:00,35.65,127.15,0.0
1018,2021-01-22 05:00:00,35.65,127.15,0.0
1019,2021-01-22 05:30:00,35.65,127.15,0.0
1020,2021-01-22 06:00:00,35.65,127.15,0.0
1021,2021-01-22 06:30:00,35.65,127.15,0.011488026
1022,2021-01-22 07:00:00,35.65,127.15,0.0
1023,2021-01-22 07:30:00,35.65,127.15,0.0
1024,2021-01-22 08:00:00,35.65,127.15,0.0016076328
1025,2021-01-22 08:30:00,35.65,127.15,0.0
1026,2021-01-22 09:00:00,35.65,127.15,0.0
1027,2021-01-22 09:30:00,35.65,127.15,0.0
1028,2021-01-22 10:00:00,35.65,127.15,0.0
1029,2021-01-22 10:30:00,35.65,127.15,0.0
1030,2021-01-22 11:00:00,35.65,127.15,0.0
1031,2021-01-22 11:30:00,35.65,127.15,0.0
1032,2021-01-22 12:00:00,35.65,127.15,0.0
1033,2021-01-22 12:30:00,35.65,127.15,0.0
1034,2021-01-22 13:00:00,35.65,127.15,0.0
1035,2021-01-22 13:30:00,35.65,127.15,0.0
1036,2021-01-22 14:00:00,35.65,127.15,0.0
1037,2021-01-22 14:30:00,35.65,127.15,0.0
1038,2021-01-22 15:00:00,35.65,127.15,0.0
1039,2021-01-22 15:30:00,35.65,127.15,0.0
1040,2021-01-22 16:00:00,35.65,127.15,0.0
1041,2021-01-22 16:30:00,35.65,127.15,0.0
1042,2021-01-22 17:00:00,35.65,127.15,0.0
1043,2021-01-22 17:30:00,35.65,127.15,0.0
1044,2021-01-22 18:00:00,35.65,127.15,0.0
1045,2021-01-22 18:30:00,35.65,127.15,0.0
1046,2021-01-22 19:00:00,35.65,127.15,0.0
1047,2021-01-22 19:30:00,35.65,127.15,0.0
1048,2021-01-22 20:00:00,35.65,127.15,0.0007005853
1049,2021-01-22 20:30:00,35.65,127.15,0.0009482956
1050,2021-01-22 21:00:00,35.65,127.15,0.0012552862
1051,2021-01-22 21:30:00,35.65,127.15,0.0031745373
1052,2021-01-22 22:00:00,35.65,127.15,0.0043207626
1053,2021-01-22 22:30:00,35.65,127.15,0.005504683
1054,2021-01-22 23:00:00,35.65,127.15,0.005784374
1055,2021-01-22 23:30:00,35.65,127.15,0.0074797906
1056,2021-01-23 00:00:00,35.65,127.15,0.007630565
1057,2021-01-23 00:30:00,35.65,127.15,0.008897146
1058,2021-01-23 01:00:00,35.65,127.15,0.01
1059,2021-01-23 01:30:00,35.65,127.15,0.03
1060,2021-01-23 02:00:00,35.65,127.15,0.0
1061,2021-01-23 02:30:00,35.65,127.15,0.02303222
1062,2021-01-23 03:00:00,35.65,127.15,0.03144603
1063,2021-01-23 03:30:00,35.65,127.15,0.045668427
1064,2021-01-23 04:00:00,35.65,127.15,0.07
1065,2021-01-23 04:30:00,35.65,127.15,0.01
1066,2021-01-23 05:00:00,35.65,127.15,0.0
1067,2021-01-23 05:30:00,35.65,127.15,0.040762357
1068,2021-01-23 06:00:00,35.65,127.15,0.10167127
1069,2021-01-23 06:30:00,35.65,127.15,0.19183055
1070,2021-01-23 07:00:00,35.65,127.15,0.34624326
1071,2021-01-23 07:30:00,35.65,127.15,0.4820803
1072,2021-01-23 08:00:00,35.65,127.15,0.6766249
1073,2021-01-23 08:30:00,35.65,127.15,0.8576981
1074,2021-01-23 09:00:00,35.65,127.15,1.0388669
1075,2021-01-23 09:30:00,35.65,127.15,1.18
1076,2021-01-23 10:00:00,35.65,127.15,1.0995741
1077,2021-01-23 10:30:00,35.65,127.15,0.9726436
1078,2021-01-23 11:00:00,35.65,127.15,0.9021375
1079,2021-01-23 11:30:00,35.65,127.15,0.9515197
1080,2021-01-23 12:00:00,35.65,127.15,0.85999995
1081,2021-01-23 12:30:00,35.65,127.15,0.83634764
1082,2021-01-23 13:00:00,35.65,127.15,0.7323153
1083,2021-01-23 13:30:00,35.65,127.15,0.6286951
1084,2021-01-23 14:00:00,35.65,127.15,0.51480186
1085,2021-01-23 14:30:00,35.65,127.15,0.33651322
1086,2021-01-23 15:00:00,35.65,127.15,0.2230881
1087,2021-01-23 15:30:00,35.65,127.15,0.14268817
1088,2021-01-23 16:00:00,35.65,127.15,0.1006796
1089,2021-01-23 16:30:00,35.65,127.15,0.09484549
1090,2021-01-23 17:00:00,35.65,127.15,0.0
1091,2021-01-23 17:30:00,35.65,127.15,0.0
1092,2021-01-23 18:00:00,35.65,127.15,0.0
1093,2021-01-23 18:30:00,35.65,127.15,0.0
1094,2021-01-23 19:00:00,35.65,127.15,0.0
1095,2021-01-23 19:30:00,35.65,127.15,0.0574039
1096,2021-01-23 20:00:00,35.65,127.15,0.0044458816
1097,2021-01-23 20:30:00,35.65,127.15,0.0
1098,2021-01-23 21:00:00,35.65,127.15,0.0
1099,2021-01-23 21:30:00,35.65,127.15,0.0
1100,2021-01-23 22:00:00,35.65,127.15,0.0
1101,2021-01-23 22:30:00,35.65,127.15,0.0
1102,2021-01-23 23:00:00,35.65,127.15,0.0
1103,2021-01-23 23:30:00,35.65,127.15,0.0
1104,2021-01-24 00:00:00,35.65,127.15,0.0
1105,2021-01-24 00:30:00,35.65,127.15,0.0
1106,2021-01-24 01:00:00,35.65,127.15,0.0
1107,2021-01-24 01:30:00,35.65,127.15,0.0
1108,2021-01-24 02:00:00,35.65,127.15,0.0
1109,2021-01-24 02:30:00,35.65,127.15,0.0
1110,2021-01-24 03:00:00,35.65,127.15,0.0
1111,2021-01-24 03:30:00,35.65,127.15,0.0
1112,2021-01-24 04:00:00,35.65,127.15,0.0
1113,2021-01-24 04:30:00,35.65,127.15,0.0
1114,2021-01-24 05:00:00,35.65,127.15,0.0
1115,2021-01-24 05:30:00,35.65,127.15,0.0
1116,2021-01-24 06:00:00,35.65,127.15,0.0
1117,2021-01-24 06:30:00,35.65,127.15,0.0
1118,2021-01-24 07:00:00,35.65,127.15,0.0
1119,2021-01-24 07:30:00,35.65,127.15,0.0
1120,2021-01-24 08:00:00,35.65,127.15,0.0
1121,2021-01-24 08:30:00,35.65,127.15,0.0
1122,2021-01-24 09:00:00,35.65,127.15,0.0
1123,2021-01-24 09:30:00,35.65,127.15,0.0
1124,2021-01-24 10:00:00,35.65,127.15,0.0
1125,2021-01-24 10:30:00,35.65,127.15,0.0
1126,2021-01-24 11:00:00,35.65,127.15,0.0
1127,2021-01-24 11:30:00,35.65,127.15,0.0
1128,2021-01-24 12:00:00,35.65,127.15,0.0
1129,2021-01-24 12:30:00,35.65,127.15,0.0
1130,2021-01-24 13:00:00,35.65,127.15,0.0
1131,2021-01-24 13:30:00,35.65,127.15,0.0
1132,2021-01-24 14:00:00,35.65,127.15,0.011809373
1133,2021-01-24 14:30:00,35.65,127.15,0.0
1134,2021-01-24 15:00:00,35.65,127.15,0.0
1135,2021-01-24 15:30:00,35.65,127.15,0.0007385427
1136,2021-01-24 16:00:00,35.65,127.15,0.0
1137,2021-01-24 16:30:00,35.65,127.15,0.0
1138,2021-01-24 17:00:00,35.65,127.15,0.0
1139,2021-01-24 17:30:00,35.65,127.15,0.0
1140,2021-01-24 18:00:00,35.65,127.15,0.0
1141,2021-01-24 18:30:00,35.65,127.15,0.0
1142,2021-01-24 19:00:00,35.65,127.15,0.0
1143,2021-01-24 19:30:00,35.65,127.15,0.0
1144,2021-01-24 20:00:00,35.65,127.15,0.0
1145,2021-01-24 20:30:00,35.65,127.15,0.0
1146,2021-01-24 21:00:00,35.65,127.15,0.0
1147,2021-01-24 21:30:00,35.65,127.15,0.0
1148,2021-01-24 22:00:00,35.65,127.15,0.0
1149,2021-01-24 22:30:00,35.65,127.15,0.0
1150,2021-01-24 23:00:00,35.65,127.15,0.0
1151,2021-01-24 23:30:00,35.65,127.15,0.0
1152,2021-01-25 00:00:00,35.65,127.15,0.0
1153,2021-01-25 00:30:00,35.65,127.15,0.0
1154,2021-01-25 01:00:00,35.65,127.15,0.0
1155,2021-01-25 01:30:00,35.65,127.15,0.0
1156,2021-01-25 02:00:00,35.65,127.15,0.0
1157,2021-01-25 02:30:00,35.65,127.15,0.0
1158,2021-01-25 03:00:00,35.65,127.15,0.0
1159,2021-01-25 03:30:00,35.65,127.15,0.0
1160,2021-01-25 04:00:00,35.65,127.15,0.0
1161,2021-01-25 04:30:00,35.65,127.15,0.0
1162,2021-01-25 05:00:00,35.65,127.15,0.0
1163,2021-01-25 05:30:00,35.65,127.15,0.0
1164,2021-01-25 06:00:00,35.65,127.15,0.0
1165,2021-01-25 06:30:00,35.65,127.15,0.0
1166,2021-01-25 07:00:00,35.65,127.15,0.0
1167,2021-01-25 07:30:00,35.65,127.15,0.0
1168,2021-01-25 08:00:00,35.65,127.15,0.0
1169,2021-01-25 08:30:00,35.65,127.15,0.0
1170,2021-01-25 09:00:00,35.65,127.15,0.0
1171,2021-01-25 09:30:00,35.65,127.15,0.0047078105
1172,2021-01-25 10:00:00,35.65,127.15,0.0071016727
1173,2021-01-25 10:30:00,35.65,127.15,0.010286568
1174,2021-01-25 11:00:00,35.65,127.15,0.01464143
1175,2021-01-25 11:30:00,35.65,127.15,0.0
1176,2021-01-25 12:00:00,35.65,127.15,0.0
1177,2021-01-25 12:30:00,35.65,127.15,0.0
1178,2021-01-25 13:00:00,35.65,127.15,0.0
1179,2021-01-25 13:30:00,35.65,127.15,0.0
1180,2021-01-25 14:00:00,35.65,127.15,0.0
1181,2021-01-25 14:30:00,35.65,127.15,0.0
1182,2021-01-25 15:00:00,35.65,127.15,0.0
1183,2021-01-25 15:30:00,35.65,127.15,0.939472
1184,2021-01-25 16:00:00,35.65,127.15,0.0
1185,2021-01-25 16:30:00,35.65,127.15,0.0
1186,2021-01-25 17:00:00,35.65,127.15,0.0
1187,2021-01-25 17:30:00,35.65,127.15,0.026947895
1188,2021-01-25 18:00:00,35.65,127.15,0.031122483
1189,2021-01-25 18:30:00,35.65,127.15,0.046741888
1190,2021-01-25 19:00:00,35.65,127.15,0.0
1191,2021-01-25 19:30:00,35.65,127.15,0.0
1192,2021-01-25 20:00:00,35.65,127.15,0.08
1193,2021-01-25 20:30:00,35.65,127.15,0.29
1194,2021-01-25 21:00:00,35.65,127.15,0.50359607
1195,2021-01-25 21:30:00,35.65,127.15,1.31
1196,2021-01-25 22:00:00,35.65,127.15,1.9059426
1197,2021-01-25 22:30:00,35.65,127.15,1.7823408
1198,2021-01-25 23:00:00,35.65,127.15,1.9115981
1199,2021-01-25 23:30:00,35.65,127.15,2.3894575
1200,2021-01-26 00:00:00,35.65,127.15,2.871258
1201,2021-01-26 00:30:00,35.65,127.15,4.44
1202,2021-01-26 01:00:00,35.65,127.15,4.1748037
1203,2021-01-26 01:30:00,35.65,127.15,3.8899999
1204,2021-01-26 02:00:00,35.65,127.15,4.0001435
1205,2021-01-26 02:30:00,35.65,127.15,3.8084183
1206,2021-01-26 03:00:00,35.65,127.15,3.90026
1207,2021-01-26 03:30:00,35.65,127.15,4.75
1208,2021-01-26 04:00:00,35.65,127.15,1.1195056
1209,2021-01-26 04:30:00,35.65,127.15,0.0
1210,2021-01-26 05:00:00,35.65,127.15,0.0
1211,2021-01-26 05:30:00,35.65,127.15,0.0
1212,2021-01-26 06:00:00,35.65,127.15,0.0
1213,2021-01-26 06:30:00,35.65,127.15,0.0
1214,2021-01-26 07:00:00,35.65,127.15,0.0
1215,2021-01-26 07:30:00,35.65,127.15,0.0
1216,2021-01-26 08:00:00,35.65,127.15,0.0
1217,2021-01-26 08:30:00,35.65,127.15,0.0
1218,2021-01-26 09:00:00,35.65,127.15,0.0
1219,2021-01-26 09:30:00,35.65,127.15,0.0
1220,2021-01-26 10:00:00,35.65,127.15,0.0
1221,2021-01-26 10:30:00,35.65,127.15,0.0
1222,2021-01-26 11:00:00,35.65,127.15,0.0
1223,2021-01-26 11:30:00,35.65,127.15,0.0
1224,2021-01-26 12:00:00,35.65,127.15,0.0
1225,2021-01-26 12:30:00,35.65,127.15,0.0
1226,2021-01-26 13:00:00,35.65,127.15,0.0
1227,2021-01-26 13:30:00,35.65,127.15,0.0
1228,2021-01-26 14:00:00,35.65,127.15,0.0
1229,2021-01-26 14:30:00,35.65,127.15,0.0007417368
1230,2021-01-26 15:00:00,35.65,127.15,0.0
1231,2021-01-26 15:30:00,35.65,127.15,0.0
1232,2021-01-26 16:00:00,35.65,127.15,0.0
1233,2021-01-26 16:30:00,35.65,127.15,0.0
1234,2021-01-26 17:00:00,35.65,127.15,0.0
1235,2021-01-26 17:30:00,35.65,127.15,0.0
1236,2021-01-26 18:00:00,35.65,127.15,0.0
1237,2021-01-26 18:30:00,35.65,127.15,0.0
1238,2021-01-26 19:00:00,35.65,127.15,0.0
1239,2021-01-26 19:30:00,35.65,127.15,0.0
1240,2021-01-26 20:00:00,35.65,127.15,0.0
1241,2021-01-26 20:30:00,35.65,127.15,0.0
1242,2021-01-26 21:00:00,35.65,127.15,0.0
1243,2021-01-26 21:30:00,35.65,127.15,0.0
1244,2021-01-26 22:00:00,35.65,127.15,0.0
1245,2021-01-26 22:30:00,35.65,127.15,0.0
1246,2021-01-26 23:00:00,35.65,127.15,0.0
1247,2021-01-26 23:30:00,35.65,127.15,0.0
1248,2021-01-27 00:00:00,35.65,127.15,0.0
1249,2021-01-27 00:30:00,35.65,127.15,0.0
1250,2021-01-27 01:00:00,35.65,127.15,0.0
1251,2021-01-27 01:30:00,35.65,127.15,0.0
1252,2021-01-27 02:00:00,35.65,127.15,0.0
1253,2021-01-27 02:30:00,35.65,127.15,0.0
1254,2021-01-27 03:00:00,35.65,127.15,0.0
1255,2021-01-27 03:30:00,35.65,127.15,0.0
1256,2021-01-27 04:00:00,35.65,127.15,0.0
1257,2021-01-27 04:30:00,35.65,127.15,0.0
1258,2021-01-27 05:00:00,35.65,127.15,0.0
1259,2021-01-27 05:30:00,35.65,127.15,0.0
1260,2021-01-27 06:00:00,35.65,127.15,0.0
1261,2021-01-27 06:30:00,35.65,127.15,0.0
1262,2021-01-27 07:00:00,35.65,127.15,0.0
1263,2021-01-27 07:30:00,35.65,127.15,0.0
1264,2021-01-27 08:00:00,35.65,127.15,0.0
1265,2021-01-27 08:30:00,35.65,127.15,0.0
1266,2021-01-27 09:00:00,35.65,127.15,0.0
1267,2021-01-27 09:30:00,35.65,127.15,0.0
1268,2021-01-27 10:00:00,35.65,127.15,0.0
1269,2021-01-27 10:30:00,35.65,127.15,0.0
1270,2021-01-27 11:00:00,35.65,127.15,0.0
1271,2021-01-27 11:30:00,35.65,127.15,0.0
1272,2021-01-27 12:00:00,35.65,127.15,0.0
1273,2021-01-27 12:30:00,35.65,127.15,0.0
1274,2021-01-27 13:00:00,35.65,127.15,0.0
1275,2021-01-27 13:30:00,35.65,127.15,0.0
1276,2021-01-27 14:00:00,35.65,127.15,0.0
1277,2021-01-27 14:30:00,35.65,127.15,0.0
1278,2021-01-27 15:00:00,35.65,127.15,0.0
1279,2021-01-27 15:30:00,35.65,127.15,0.076678984
1280,2021-01-27 16:00:00,35.65,127.15,0.0
1281,2021-01-27 16:30:00,35.65,127.15,0.0
1282,2021-01-27 17:00:00,35.65,127.15,0.0
1283,2021-01-27 17:30:00,35.65,127.15,0.0
1284,2021-01-27 18:00:00,35.65,127.15,0.0
1285,2021-01-27 18:30:00,35.65,127.15,0.002607807
1286,2021-01-27 19:00:00,35.65,127.15,0.0
1287,2021-01-27 19:30:00,35.65,127.15,0.0
1288,2021-01-27 20:00:00,35.65,127.15,0.0
1289,2021-01-27 20:30:00,35.65,127.15,0.0
1290,2021-01-27 21:00:00,35.65,127.15,0.0
1291,2021-01-27 21:30:00,35.65,127.15,0.03714701
1292,2021-01-27 22:00:00,35.65,127.15,0.0
1293,2021-01-27 22:30:00,35.65,127.15,0.0
1294,2021-01-27 23:00:00,35.65,127.15,0.0
1295,2021-01-27 23:30:00,35.65,127.15,0.0
1296,2021-01-28 00:00:00,35.65,127.15,0.0
1297,2021-01-28 00:30:00,35.65,127.15,0.0
1298,2021-01-28 01:00:00,35.65,127.15,0.0
1299,2021-01-28 01:30:00,35.65,127.15,0.0
1300,2021-01-28 02:00:00,35.65,127.15,0.0
1301,2021-01-28 02:30:00,35.65,127.15,0.0
1302,2021-01-28 03:00:00,35.65,127.15,0.0
1303,2021-01-28 03:30:00,35.65,127.15,0.0
1304,2021-01-28 04:00:00,35.65,127.15,0.0
1305,2021-01-28 04:30:00,35.65,127.15,0.0
1306,2021-01-28 05:00:00,35.65,127.15,0.0
1307,2021-01-28 05:30:00,35.65,127.15,0.0
1308,2021-01-28 06:00:00,35.65,127.15,0.0
1309,2021-01-28 06:30:00,35.65,127.15,0.0
1310,2021-01-28 07:00:00,35.65,127.15,0.0
1311,2021-01-28 07:30:00,35.65,127.15,0.0
1312,2021-01-28 08:00:00,35.65,127.15,0.0
1313,2021-01-28 08:30:00,35.65,127.15,0.0
1314,2021-01-28 09:00:00,35.65,127.15,0.0
1315,2021-01-28 09:30:00,35.65,127.15,0.0
1316,2021-01-28 10:00:00,35.65,127.15,0.011670053
1317,2021-01-28 10:30:00,35.65,127.15,0.011087316
1318,2021-01-28 11:00:00,35.65,127.15,0.0
1319,2021-01-28 11:30:00,35.65,127.15,0.0
1320,2021-01-28 12:00:00,35.65,127.15,0.0
1321,2021-01-28 12:30:00,35.65,127.15,0.0
1322,2021-01-28 13:00:00,35.65,127.15,0.0
1323,2021-01-28 13:30:00,35.65,127.15,0.0
1324,2021-01-28 14:00:00,35.65,127.15,0.0
1325,2021-01-28 14:30:00,35.65,127.15,0.0
1326,2021-01-28 15:00:00,35.65,127.15,0.0
1327,2021-01-28 15:30:00,35.65,127.15,0.0
1328,2021-01-28 16:00:00,35.65,127.15,0.0
1329,2021-01-28 16:30:00,35.65,127.15,0.0
1330,2021-01-28 17:00:00,35.65,127.15,0.0
1331,2021-01-28 17:30:00,35.65,127.15,0.0
1332,2021-01-28 18:00:00,35.65,127.15,0.0
1333,2021-01-28 18:30:00,35.65,127.15,0.0
1334,2021-01-28 19:00:00,35.65,127.15,0.0
1335,2021-01-28 19:30:00,35.65,127.15,0.0
1336,2021-01-28 20:00:00,35.65,127.15,0.0
1337,2021-01-28 20:30:00,35.65,127.15,0.0
1338,2021-01-28 21:00:00,35.65,127.15,0.0
1339,2021-01-28 21:30:00,35.65,127.15,0.0
1340,2021-01-28 22:00:00,35.65,127.15,0.0
1341,2021-01-28 22:30:00,35.65,127.15,0.0
1342,2021-01-28 23:00:00,35.65,127.15,0.0
1343,2021-01-28 23:30:00,35.65,127.15,0.0
1344,2021-01-29 00:00:00,35.65,127.15,0.0
1345,2021-01-29 00:30:00,35.65,127.15,0.0
1346,2021-01-29 01:00:00,35.65,127.15,0.0
1347,2021-01-29 01:30:00,35.65,127.15,0.0
1348,2021-01-29 02:00:00,35.65,127.15,0.0
1349,2021-01-29 02:30:00,35.65,127.15,0.0
1350,2021-01-29 03:00:00,35.65,127.15,0.0
1351,2021-01-29 03:30:00,35.65,127.15,0.0
1352,2021-01-29 04:00:00,35.65,127.15,0.0
1353,2021-01-29 04:30:00,35.65,127.15,0.0
1354,2021-01-29 05:00:00,35.65,127.15,0.0
1355,2021-01-29 05:30:00,35.65,127.15,0.0
1356,2021-01-29 06:00:00,35.65,127.15,0.0
1357,2021-01-29 06:30:00,35.65,127.15,0.0
1358,2021-01-29 07:00:00,35.65,127.15,0.0
1359,2021-01-29 07:30:00,35.65,127.15,0.0
1360,2021-01-29 08:00:00,35.65,127.15,0.0
1361,2021-01-29 08:30:00,35.65,127.15,0.0
1362,2021-01-29 09:00:00,35.65,127.15,0.0
1363,2021-01-29 09:30:00,35.65,127.15,0.0
1364,2021-01-29 10:00:00,35.65,127.15,0.0
1365,2021-01-29 10:30:00,35.65,127.15,0.0
1366,2021-01-29 11:00:00,35.65,127.15,0.0
1367,2021-01-29 11:30:00,35.65,127.15,0.0
1368,2021-01-29 12:00:00,35.65,127.15,0.0
1369,2021-01-29 12:30:00,35.65,127.15,0.0
1370,2021-01-29 13:00:00,35.65,127.15,0.0
1371,2021-01-29 13:30:00,35.65,127.15,0.0
1372,2021-01-29 14:00:00,35.65,127.15,0.0
1373,2021-01-29 14:30:00,35.65,127.15,0.0
1374,2021-01-29 15:00:00,35.65,127.15,0.0
1375,2021-01-29 15:30:00,35.65,127.15,0.0
1376,2021-01-29 16:00:00,35.65,127.15,0.0
1377,2021-01-29 16:30:00,35.65,127.15,0.0
1378,2021-01-29 17:00:00,35.65,127.15,0.0
1379,2021-01-29 17:30:00,35.65,127.15,0.0
1380,2021-01-29 18:00:00,35.65,127.15,0.0
1381,2021-01-29 18:30:00,35.65,127.15,0.0
1382,2021-01-29 19:00:00,35.65,127.15,0.0
1383,2021-01-29 19:30:00,35.65,127.15,0.0
1384,2021-01-29 20:00:00,35.65,127.15,0.0
1385,2021-01-29 20:30:00,35.65,127.15,0.0
1386,2021-01-29 21:00:00,35.65,127.15,0.0
1387,2021-01-29 21:30:00,35.65,127.15,0.0
1388,2021-01-29 22:00:00,35.65,127.15,0.0
1389,2021-01-29 22:30:00,35.65,127.15,0.0
1390,2021-01-29 23:00:00,35.65,127.15,0.0
1391,2021-01-29 23:30:00,35.65,127.15,0.0
1392,2021-01-30 00:00:00,35.65,127.15,0.0
1393,2021-01-30 00:30:00,35.65,127.15,0.0
1394,2021-01-30 01:00:00,35.65,127.15,0.0
1395,2021-01-30 01:30:00,35.65,127.15,0.0
1396,2021-01-30 02:00:00,35.65,127.15,0.0
1397,2021-01-30 02:30:00,35.65,127.15,0.0
1398,2021-01-30 03:00:00,35.65,127.15,0.0
1399,2021-01-30 03:30:00,35.65,127.15,0.0
1400,2021-01-30 04:00:00,35.65,127.15,0.0
1401,2021-01-30 04:30:00,35.65,127.15,0.0
1402,2021-01-30 05:00:00,35.65,127.15,0.0
1403,2021-01-30 05:30:00,35.65,127.15,0.0
1404,2021-01-30 06:00:00,35.65,127.15,0.0
1405,2021-01-30 06:30:00,35.65,127.15,0.0
1406,2021-01-30 07:00:00,35.65,127.15,0.0
1407,2021-01-30 07:30:00,35.65,127.15,0.0
1408,2021-01-30 08:00:00,35.65,127.15,0.0
1409,2021-01-30 08:30:00,35.65,127.15,0.0
1410,2021-01-30 09:00:00,35.65,127.15,0.0
1411,2021-01-30 09:30:00,35.65,127.15,0.0
1412,2021-01-30 10:00:00,35.65,127.15,0.0
1413,2021-01-30 10:30:00,35.65,127.15,0.0
1414,2021-01-30 11:00:00,35.65,127.15,0.0
1415,2021-01-30 11:30:00,35.65,127.15,0.0
1416,2021-01-30 12:00:00,35.65,127.15,0.0
1417,2021-01-30 12:30:00,35.65,127.15,0.0
1418,2021-01-30 13:00:00,35.65,127.15,0.0
1419,2021-01-30 13:30:00,35.65,127.15,0.0
1420,2021-01-30 14:00:00,35.65,127.15,0.0
1421,2021-01-30 14:30:00,35.65,127.15,0.0
1422,2021-01-30 15:00:00,35.65,127.15,0.0
1423,2021-01-30 15:30:00,35.65,127.15,0.0
1424,2021-01-30 16:00:00,35.65,127.15,0.0
1425,2021-01-30 16:30:00,35.65,127.15,0.0
1426,2021-01-30 17:00:00,35.65,127.15,0.0
1427,2021-01-30 17:30:00,35.65,127.15,0.0
1428,2021-01-30 18:00:00,35.65,127.15,0.0
1429,2021-01-30 18:30:00,35.65,127.15,0.0
1430,2021-01-30 19:00:00,35.65,127.15,0.0
1431,2021-01-30 19:30:00,35.65,127.15,0.0
1432,2021-01-30 20:00:00,35.65,127.15,0.0
1433,2021-01-30 20:30:00,35.65,127.15,0.0
1434,2021-01-30 21:00:00,35.65,127.15,0.0
1435,2021-01-30 21:30:00,35.65,127.15,0.0
1436,2021-01-30 22:00:00,35.65,127.15,0.0
1437,2021-01-30 22:30:00,35.65,127.15,0.0
1438,2021-01-30 23:00:00,35.65,127.15,0.0
1439,2021-01-30 23:30:00,35.65,127.15,0.0
1440,2021-01-31 00:00:00,35.65,127.15,0.0
1441,2021-01-31 00:30:00,35.65,127.15,0.0
1442,2021-01-31 01:00:00,35.65,127.15,0.0
1443,2021-01-31 01:30:00,35.65,127.15,0.0
1444,2021-01-31 02:00:00,35.65,127.15,0.0
1445,2021-01-31 02:30:00,35.65,127.15,0.0
1446,2021-01-31 03:00:00,35.65,127.15,0.0
1447,2021-01-31 03:30:00,35.65,127.15,0.0
1448,2021-01-31 04:00:00,35.65,127.15,0.0
1449,2021-01-31 04:30:00,35.65,127.15,0.0
1450,2021-01-31 05:00:00,35.65,127.15,0.0
1451,2021-01-31 05:30:00,35.65,127.15,0.0
1452,2021-01-31 06:00:00,35.65,127.15,0.0
1453,2021-01-31 06:30:00,35.65,127.15,0.0
1454,2021-01-31 07:00:00,35.65,127.15,0.0
1455,2021-01-31 07:30:00,35.65,127.15,0.0
1456,2021-01-31 08:00:00,35.65,127.15,0.0
1457,2021-01-31 08:30:00,35.65,127.15,0.0
1458,2021-01-31 09:00:00,35.65,127.15,0.0
1459,2021-01-31 09:30:00,35.65,127.15,0.0
1460,2021-01-31 10:00:00,35.65,127.15,0.0
1461,2021-01-31 10:30:00,35.65,127.15,0.0
1462,2021-01-31 11:00:00,35.65,127.15,0.0
1463,2021-01-31 11:30:00,35.65,127.15,0.0
1464,2021-01-31 12:00:00,35.65,127.15,0.0
1465,2021-01-31 12:30:00,35.65,127.15,0.03362869
1466,2021-01-31 13:00:00,35.65,127.15,0.0
1467,2021-01-31 13:30:00,35.65,127.15,0.18502347
1468,2021-01-31 14:00:00,35.65,127.15,0.51735127
1469,2021-01-31 14:30:00,35.65,127.15,0.95453
1470,2021-01-31 15:00:00,35.65,127.15,0.7574612
1471,2021-01-31 15:30:00,35.65,127.15,2.0011978
1472,2021-01-31 16:00:00,35.65,127.15,2.5122378
1473,2021-01-31 16:30:00,35.65,127.15,1.8418728
1474,2021-01-31 17:00:00,35.65,127.15,1.89
1475,2021-01-31 17:30:00,35.65,127.15,0.0
1476,2021-01-31 18:00:00,35.65,127.15,0.7780078
1477,2021-01-31 18:30:00,35.65,127.15,1.008389
1478,2021-01-31 19:00:00,35.65,127.15,1.4301654
1479,2021-01-31 19:30:00,35.65,127.15,1.1296529
1480,2021-01-31 20:00:00,35.65,127.15,1.1624053
1481,2021-01-31 20:30:00,35.65,127.15,0.089999996
1482,2021-01-31 21:00:00,35.65,127.15,0.0
1483,2021-01-31 21:30:00,35.65,127.15,0.043248136
1484,2021-01-31 22:00:00,35.65,127.15,0.0
1485,2021-01-31 22:30:00,35.65,127.15,0.0
1486,2021-01-31 23:00:00,35.65,127.15,0.0
1487,2021-01-31 23:30:00,35.65,127.15,0.0
